{"revealed_idx": [[2, 5], [3, 7]], "uncertainty_variance": 2.2184776238276527e-09, "gridvals": [[16, 11, 9, 7, 4, 3, 4, 6], [11, 8, 7, 5, 1, 0, 4, 11], [10, 7, 6, 5, 4, 6, 14, 25], [15, 11, 8, 7, 6, 11, 23, 37], [33, 26, 18, 12, 9, 13, 25, 40], [59, 50, 37, 23, 14, 14, 23, 36], [85, 76, 59, 39, 24, 20, 27, 38], [99, 93, 76, 55, 39, 35, 40, 50]], "variances": [[0.1747305691242218, 0.17472706735134125, 0.17471790313720703, 0.17470116913318634, 0.17468073964118958, 0.17466646432876587, 0.17466630041599274, 0.17467929422855377], [0.17472988367080688, 0.1747242957353592, 0.17470958828926086, 0.17468230426311493, 0.17464780807495117, 0.1746213138103485, 0.1746167242527008, 0.17463526129722595], [0.17472955584526062, 0.17472298443317413, 0.17470549046993256, 0.17467235028743744, 0.1746286153793335, 0.1745915412902832, 0.17457935214042664, 0.17459779977798462], [0.1747298538684845, 0.17472413182258606, 0.17470866441726685, 0.17467860877513885, 0.17463691532611847, 0.17459779977798462, 0.17457935214042664, 0.1745915412902832], [0.17473053932189941, 0.17472684383392334, 0.17471668124198914, 0.17469625174999237, 0.17466630041599274, 0.17463526129722595, 0.1746167242527008, 0.1746213138103485], [0.17473118007183075, 0.17472940683364868, 0.17472441494464874, 0.17471401393413544, 0.17469775676727295, 0.17467929422855377, 0.17466630041599274, 0.17466646432876587], [0.1747315526008606, 0.17473091185092926, 0.1747290939092636, 0.17472508549690247, 0.17471843957901, 0.1747102290391922, 0.1747037172317505, 0.17470285296440125], [0.17473170161247253, 0.1747315227985382, 0.1747310310602188, 0.1747298687696457, 0.17472781240940094, 0.17472508549690247, 0.17472274601459503, 0.17472220957279205]]}