{"revealed_idx": [[6, 1], [0, 6]], "uncertainty_variance": 3.0846088066027733e-06, "gridvals": [[78, 80, 68, 45, 21, 8, 10, 19], [78, 80, 67, 41, 14, 1, 4, 13], [85, 87, 73, 45, 16, 0, 0, 8], [92, 96, 83, 54, 23, 4, 1, 6], [93, 99, 89, 63, 33, 13, 7, 10], [84, 91, 86, 66, 41, 23, 18, 20], [68, 77, 77, 64, 46, 32, 27, 27], [52, 62, 67, 61, 50, 39, 34, 30]], "variances": [[1.2021656036376953, 1.2020941972732544, 1.2017993927001953, 1.2009378671646118, 1.1992753744125366, 1.1973421573638916, 1.196445345878601, 1.1973429918289185], [1.2021089792251587, 1.2020375728607178, 1.2018001079559326, 1.2010972499847412, 1.199715256690979, 1.1980948448181152, 1.197341799736023, 1.198099970817566], [1.2018628120422363, 1.2017685174942017, 1.2016773223876953, 1.2013663053512573, 1.200631856918335, 1.199708104133606, 1.1992727518081665, 1.1997320652008057], [1.2011359930038452, 1.2009265422821045, 1.2010568380355835, 1.2012887001037598, 1.2012887001037598, 1.2010568380355835, 1.2009265422821045, 1.2011359930038452], [1.1997321844100952, 1.1992727518081665, 1.199708104133606, 1.200631856918335, 1.2013663053512573, 1.2016773223876953, 1.2017685174942017, 1.2018628120422363], [1.198099970817566, 1.197341799736023, 1.1980948448181152, 1.199715256690979, 1.2010972499847412, 1.201799988746643, 1.2020375728607178, 1.2021089792251587], [1.1973429918289185, 1.196445345878601, 1.1973421573638916, 1.1992753744125366, 1.2009378671646118, 1.2017993927001953, 1.2020941972732544, 1.2021656036376953], [1.198100209236145, 1.1973429918289185, 1.1981000900268555, 1.1997326612472534, 1.2011380195617676, 1.2018680572509766, 1.2021182775497437, 1.2021770477294922]]}