{"revealed_idx": [[0, 0], [2, 1]], "uncertainty_variance": 1.0820198209637866e-10, "gridvals": [[8, 15, 14, 7, 1, 2, 13, 26], [7, 12, 10, 4, 0, 5, 19, 38], [10, 15, 14, 6, 1, 5, 21, 43], [17, 28, 33, 26, 15, 14, 28, 51], [25, 47, 62, 58, 44, 35, 44, 65], [29, 60, 85, 87, 72, 59, 62, 80], [23, 60, 91, 99, 87, 72, 72, 86], [14, 51, 81, 93, 84, 70, 68, 80]], "variances": [[0.0027976168785244226, 0.0027985600754618645, 0.0028054136782884598, 0.002814343897625804, 0.0028216145001351833, 0.002825869247317314, 0.002827743533998728, 0.002828377764672041], [0.0027952033560723066, 0.0027952033560723066, 0.002802000381052494, 0.002811732701957226, 0.0028200894594192505, 0.0028251835610717535, 0.002827504649758339, 0.002828313270583749], [0.0027985600754618645, 0.0027976168785244226, 0.0028031840920448303, 0.0028120374772697687, 0.00282003590837121, 0.0028250874020159245, 0.0028274536598473787, 0.0028282958082854748], [0.0028060947079211473, 0.002804746152833104, 0.0028085457161068916, 0.0028152461163699627, 0.0028215651400387287, 0.002825668081641197, 0.0028276292141526937, 0.0028283381834626198], [0.0028146749828010798, 0.002813519909977913, 0.0028156850021332502, 0.0028198640793561935, 0.002823936054483056, 0.002826632931828499, 0.0028279400430619717, 0.002828417345881462], [0.0028215651400387287, 0.0028208631556481123, 0.0028218876104801893, 0.0028240098617970943, 0.002826125593855977, 0.0028275453951209784, 0.0028282394632697105, 0.002828494645655155], [0.0028257276862859726, 0.002825409173965454, 0.0028258073143661022, 0.002826674608513713, 0.0028275526128709316, 0.0028281467966735363, 0.0028284387663006783, 0.00282854656688869], [0.0028276557568460703, 0.0028275453951209784, 0.002827670890837908, 0.0028279535472393036, 0.0028282427228987217, 0.0028284392319619656, 0.0028285360895097256, 0.0028285719454288483]]}