{"revealed_idx": [[7, 2], [5, 5]], "uncertainty_variance": 7.945529650887906e-11, "gridvals": [[31, 47, 55, 50, 35, 18, 9, 14], [21, 38, 48, 44, 31, 16, 11, 16], [8, 24, 34, 33, 24, 17, 17, 25], [0, 12, 20, 22, 22, 25, 34, 47], [1, 9, 15, 21, 30, 42, 59, 76], [12, 18, 24, 32, 45, 62, 80, 98], [30, 38, 43, 50, 61, 73, 86, 99], [49, 59, 63, 65, 68, 72, 76, 83]], "variances": [[0.00025390865630470216, 0.0002535480307415128, 0.0002530367928557098, 0.0002524502342566848, 0.00025196524802595377, 0.0002517867542337626, 0.0002520111738704145, 0.0002525474119465798], [0.00025321697467006743, 0.00025238876696676016, 0.00025126853142865, 0.0002500234404578805, 0.00024902206496335566, 0.0002486875746399164, 0.0002492155763320625, 0.0002504063886590302], [0.0002518035180401057, 0.0002501702110748738, 0.0002480988041497767, 0.00024590641260147095, 0.00024422473507001996, 0.0002437644434394315, 0.0002448413288220763, 0.000247083546128124], [0.0002493671781849116, 0.0002465847646817565, 0.00024334300542250276, 0.00024016034149099141, 0.00023791618878021836, 0.00023755888105370104, 0.0002394733892288059, 0.00024306843988597393], [0.00024590641260147095, 0.000241790316067636, 0.00023747920931782573, 0.00023370925919152796, 0.00023145195154938847, 0.00023166119353845716, 0.0002346373221371323, 0.00023957077064551413], [0.00024203056818805635, 0.000236725143622607, 0.00023182746372185647, 0.00022825287305749953, 0.0002268084790557623, 0.00022810467635281384, 0.000232148144277744, 0.00023797656467650086], [0.00023896165657788515, 0.00023299944587051868, 0.00022821605671197176, 0.00022561247169505805, 0.00022561247169505805, 0.00022821605671197176, 0.00023299944587051868, 0.00023896165657788515], [0.00023797657922841609, 0.000232148144277744, 0.00022810467635281384, 0.0002268084790557623, 0.00022825287305749953, 0.00023182746372185647, 0.000236725143622607, 0.00024203056818805635]]}