{"revealed_idx": [[3, 4], [6, 1], [1, 1], [3, 6]], "uncertainty_variance": 0.00010772026871563867, "gridvals": [[25, 40, 72, 97, 99, 83, 63, 48], [55, 63, 79, 86, 76, 60, 51, 54], [65, 65, 71, 72, 62, 52, 58, 77], [54, 47, 51, 52, 47, 46, 62, 91], [34, 25, 27, 32, 33, 39, 58, 84], [17, 9, 14, 24, 32, 41, 54, 68], [5, 3, 16, 35, 49, 56, 57, 56], [0, 9, 33, 57, 70, 68, 57, 44]], "variances": [[0.04092857241630554, 0.036317259073257446, 0.04050585627555847, 0.04876996949315071, 0.05514584854245186, 0.05814394727349281, 0.059592582285404205, 0.0615205354988575], [0.03623936325311661, 0.030215807259082794, 0.03302159905433655, 0.03940976411104202, 0.043966904282569885, 0.04605095833539963, 0.04792238026857376, 0.052007097750902176], [0.04016626626253128, 0.03360242769122124, 0.03255089744925499, 0.033043455332517624, 0.03276112303137779, 0.03265560790896416, 0.03474927693605423, 0.04125462472438812], [0.04632820934057236, 0.039920493960380554, 0.03590705990791321, 0.03188018500804901, 0.028128288686275482, 0.026566125452518463, 0.028701413422822952, 0.036329448223114014], [0.04633340239524841, 0.04022549092769623, 0.03735041245818138, 0.035225845873355865, 0.03324234485626221, 0.03260308876633644, 0.034683872014284134, 0.04123848304152489], [0.04017093777656555, 0.03410919010639191, 0.035371068865060806, 0.039968233555555344, 0.043651700019836426, 0.045710932463407516, 0.047782108187675476, 0.051977623254060745], [0.03627898544073105, 0.030420541763305664, 0.03493625670671463, 0.044836726039648056, 0.053074344992637634, 0.05734139308333397, 0.05937106907367706, 0.06148000806570053], [0.041057661175727844, 0.036299873143434525, 0.04109986126422882, 0.051129523664712906, 0.059625230729579926, 0.06403014063835144, 0.06571845710277557, 0.06663615256547928]]}