{"revealed_idx": [[7, 7], [7, 0]], "uncertainty_variance": 4.309765245125163e-06, "gridvals": [[24, 34, 38, 33, 20, 9, 6, 15], [21, 35, 48, 53, 48, 37, 28, 28], [15, 30, 50, 65, 70, 62, 50, 43], [5, 18, 42, 67, 81, 80, 68, 56], [0, 10, 36, 65, 86, 91, 81, 67], [6, 14, 38, 68, 91, 98, 88, 73], [24, 30, 49, 75, 94, 99, 89, 72], [45, 48, 61, 77, 89, 89, 78, 61]], "variances": [[0.03607141599059105, 0.03607144579291344, 0.03607150912284851, 0.036071546375751495, 0.036071546375751495, 0.03607150912284851, 0.03607144579291344, 0.03607141599059105], [0.03606882691383362, 0.036069367080926895, 0.03607042133808136, 0.036071114242076874, 0.036071114242076874, 0.03607042133808136, 0.036069367080926895, 0.03606882691383362], [0.03604067489504814, 0.03604676574468613, 0.036058634519577026, 0.03606639802455902, 0.03606639802455902, 0.036058634519577026, 0.03604676574468613, 0.03604067489504814], [0.035847775638103485, 0.03589190915226936, 0.03597787022590637, 0.03603411093354225, 0.03603411093354225, 0.03597787022590637, 0.03589190915226936, 0.035847775638103485], [0.035027626901865005, 0.03523349016904831, 0.03563448414206505, 0.035896822810173035, 0.035896822810173035, 0.03563448414206505, 0.03523349016904831, 0.035027626901865005], [0.032935306429862976, 0.03355376422405243, 0.03475845605134964, 0.03554658591747284, 0.03554658591747284, 0.03475845605134964, 0.03355376422405243, 0.032935306429862976], [0.03000345453619957, 0.03120005875825882, 0.03353092446923256, 0.03505581617355347, 0.03505581617355347, 0.03353092446923256, 0.03120005875825882, 0.030003460124135017], [0.02851019985973835, 0.030001262202858925, 0.03290571644902229, 0.03480585291981697, 0.03480585291981697, 0.03290571644902229, 0.030001258477568626, 0.0285102017223835]]}