{"revealed_idx": [[5, 0], [0, 7], [6, 7], [4, 0]], "uncertainty_variance": 4.941012434755976e-07, "gridvals": [[7, 0, 6, 16, 25, 35, 47, 54], [22, 17, 21, 27, 31, 40, 56, 71], [32, 31, 37, 41, 44, 53, 70, 86], [35, 39, 48, 54, 56, 64, 77, 85], [39, 49, 60, 65, 66, 69, 72, 69], [51, 66, 76, 77, 72, 66, 59, 46], [65, 83, 92, 87, 74, 59, 44, 26], [70, 91, 99, 91, 72, 50, 31, 15]], "variances": [[0.062244758009910583, 0.06225930154323578, 0.062279295176267624, 0.06223433464765549, 0.06200235337018967, 0.06147899106144905, 0.06081956624984741, 0.06050175800919533], [0.06196323037147522, 0.06202679127454758, 0.0621502548456192, 0.06219801679253578, 0.06204406917095184, 0.06161915883421898, 0.061071351170539856, 0.06080653518438339], [0.06128924712538719, 0.06147000566124916, 0.06184011325240135, 0.062104322016239166, 0.06211845949292183, 0.061888888478279114, 0.06155775487422943, 0.06139548122882843], [0.06026783585548401, 0.06062561273574829, 0.06136485934257507, 0.061933182179927826, 0.06212091073393822, 0.06201250106096268, 0.06179071217775345, 0.06167835369706154], [0.05943498760461807, 0.05993661284446716, 0.06097297742962837, 0.061769142746925354, 0.06203005462884903, 0.06187307834625244, 0.0615558847784996, 0.061395347118377686], [0.05943495035171509, 0.059936027973890305, 0.060967981815338135, 0.06174110248684883, 0.06192362681031227, 0.06159766763448715, 0.061068832874298096, 0.06080636382102966], [0.06026776134967804, 0.06062445417046547, 0.06135488674044609, 0.061877164989709854, 0.0619082935154438, 0.061462268233299255, 0.06081763654947281, 0.06050163507461548], [0.0612892210483551, 0.06146947294473648, 0.06183530390262604, 0.062077052891254425, 0.06201469153165817, 0.06162017583847046, 0.06108245253562927, 0.06082068011164665]]}