{"revealed_idx": [[1, 2], [6, 4], [4, 3], [0, 1]], "uncertainty_variance": 1.983019615181547e-08, "gridvals": [[5, 23, 52, 80, 96, 99, 97, 98], [0, 22, 52, 78, 90, 92, 92, 98], [3, 28, 55, 74, 79, 77, 78, 85], [7, 32, 56, 68, 67, 61, 60, 67], [8, 31, 52, 60, 57, 49, 47, 53], [6, 26, 43, 52, 51, 45, 44, 49], [6, 19, 33, 44, 48, 48, 49, 53], [8, 13, 23, 37, 48, 55, 60, 64]], "variances": [[0.13804888725280762, 0.13794103264808655, 0.13794003427028656, 0.13804559409618378, 0.13818687200546265, 0.1382952183485031, 0.13835185766220093, 0.13837318122386932], [0.13805098831653595, 0.13792484998703003, 0.1378995180130005, 0.1379913091659546, 0.13813823461532593, 0.13826413452625275, 0.13833728432655334, 0.13836809992790222], [0.13811899721622467, 0.13799194991588593, 0.13793295621871948, 0.13797926902770996, 0.13809999823570251, 0.13822758197784424, 0.1383156180381775, 0.1383591592311859], [0.1381995677947998, 0.13807784020900726, 0.13798277080059052, 0.1379709392786026, 0.13805155456066132, 0.1381755769252777, 0.13828201591968536, 0.1383441984653473], [0.1382574439048767, 0.13814163208007812, 0.13801857829093933, 0.13795572519302368, 0.1379968822002411, 0.1381153017282486, 0.13824079930782318, 0.13832467794418335], [0.13829432427883148, 0.13819050788879395, 0.13805903494358063, 0.13796521723270416, 0.13797257840633392, 0.13807693123817444, 0.1382099837064743, 0.13830849528312683], [0.13832268118858337, 0.13824111223220825, 0.13812553882598877, 0.13802769780158997, 0.1380123496055603, 0.1380917876958847, 0.1382109671831131, 0.13830623030662537], [0.13834646344184875, 0.13829287886619568, 0.13821068406105042, 0.13813334703445435, 0.13811121881008148, 0.13816159963607788, 0.13824816048145294, 0.1383211761713028]]}