{"revealed_idx": [[2, 1], [3, 5]], "uncertainty_variance": 1.0708843944939872e-07, "gridvals": [[12, 35, 57, 71, 77, 76, 66, 47], [0, 22, 45, 64, 75, 79, 72, 47], [8, 24, 42, 59, 73, 82, 78, 55], [28, 34, 43, 54, 66, 77, 79, 62], [45, 45, 47, 51, 60, 71, 78, 70], [49, 48, 49, 53, 60, 72, 81, 79], [41, 43, 49, 57, 68, 81, 89, 88], [28, 36, 48, 62, 79, 93, 99, 95]], "variances": [[0.22359336912631989, 0.2235039919614792, 0.2235666662454605, 0.2236892729997635, 0.22375847399234772, 0.22378593683242798, 0.223833367228508, 0.22390063107013702], [0.22328126430511475, 0.22311510145664215, 0.22320899367332458, 0.2233865112066269, 0.22345499694347382, 0.22347672283649445, 0.22358907759189606, 0.22376607358455658], [0.22312770783901215, 0.22291618585586548, 0.22299593687057495, 0.22313368320465088, 0.22311581671237946, 0.22309240698814392, 0.2232777178287506, 0.22359368205070496], [0.2232777178287506, 0.22309240698814392, 0.22311581671237946, 0.22313368320465088, 0.22299593687057495, 0.22291618585586548, 0.22312772274017334, 0.22350984811782837], [0.22358907759189606, 0.22347672283649445, 0.22345499694347382, 0.2233865112066269, 0.22320899367332458, 0.22311510145664215, 0.22328126430511475, 0.22359400987625122], [0.223833367228508, 0.22378593683242798, 0.22375847399234772, 0.2236892729997635, 0.2235666662454605, 0.2235039919614792, 0.22359336912631989, 0.2237664759159088], [0.2239435762166977, 0.22392956912517548, 0.22391536831855774, 0.2238815277814865, 0.2238294780254364, 0.2238033264875412, 0.22383612394332886, 0.22390088438987732], [0.22397488355636597, 0.22397197782993317, 0.22396770119667053, 0.22395779192447662, 0.2239435762166977, 0.22393649816513062, 0.22394469380378723, 0.22396105527877808]]}