{"revealed_idx": [[3, 4], [6, 3], [2, 6], [5, 7]], "uncertainty_variance": 0.04897823557257652, "gridvals": [[28, 24, 19, 13, 7, 2, 0, 4], [22, 22, 21, 18, 13, 8, 3, 2], [24, 29, 34, 35, 33, 28, 21, 15], [33, 43, 52, 58, 60, 57, 49, 37], [46, 60, 72, 81, 85, 82, 72, 56], [60, 74, 87, 96, 98, 93, 77, 57], [68, 80, 91, 99, 99, 88, 67, 42], [66, 75, 84, 91, 90, 77, 53, 24]], "variances": [[0.7595558166503906, 0.7209720611572266, 0.659285306930542, 0.5842491388320923, 0.49785616993904114, 0.39938417077064514, 0.3318190276622772, 0.36327308416366577], [0.7342151403427124, 0.6534857153892517, 0.5285864472389221, 0.3969899117946625, 0.2872687876224518, 0.18995147943496704, 0.1291542649269104, 0.18290585279464722], [0.7063285708427429, 0.580959141254425, 0.39141765236854553, 0.21169626712799072, 0.1105000376701355, 0.06634402275085449, 0.04951757565140724, 0.11533373594284058], [0.6826109886169434, 0.5296956896781921, 0.3089406192302704, 0.1187639832496643, 0.049364034086465836, 0.061859313398599625, 0.07420402765274048, 0.11824154853820801], [0.653546929359436, 0.48440641164779663, 0.2660914659500122, 0.10608315467834473, 0.0770760178565979, 0.10780900716781616, 0.09586536884307861, 0.08697396516799927], [0.610938549041748, 0.41639694571495056, 0.19978481531143188, 0.08029240369796753, 0.09838294982910156, 0.13996100425720215, 0.09843409061431885, 0.050206903368234634], [0.580112874507904, 0.36396706104278564, 0.14297783374786377, 0.05015254393219948, 0.11168485879898071, 0.18975800275802612, 0.1709432601928711, 0.1311028003692627], [0.5973044633865356, 0.4007996916770935, 0.20368093252182007, 0.1301829218864441, 0.2075711488723755, 0.3152562975883484, 0.3451067805290222, 0.3396833539009094]]}